"時点","地域コード","地域","（季節調整値）完全失業率（男女計）【%】","注記"
"1953年1月","00000","全国","1.9","標本設計改正（1952年末～1953年初）の影響があり，1953年4月以降の数値との比較には注意を要する。"
"1953年2月","00000","全国","1.9","標本設計改正（1952年末～1953年初）の影響があり，1953年4月以降の数値との比較には注意を要する。"
"1953年3月","00000","全国","1.8","標本設計改正（1952年末～1953年初）の影響があり，1953年4月以降の数値との比較には注意を要する。"
"1953年4月","00000","全国","2.0",""
"1953年5月","00000","全国","2.0",""
"1953年6月","00000","全国","1.9",""
"1953年7月","00000","全国","1.8",""
"1953年8月","00000","全国","1.8",""
"1953年9月","00000","全国","1.8",""
"1953年10月","00000","全国","1.7",""
"1953年11月","00000","全国","1.8",""
"1953年12月","00000","全国","1.6",""
"1954年1月","00000","全国","1.8",""
"1954年2月","00000","全国","1.8",""
"1954年3月","00000","全国","1.9",""
"1954年4月","00000","全国","2.0",""
"1954年5月","00000","全国","2.2",""
"1954年6月","00000","全国","2.3",""
"1954年7月","00000","全国","2.4",""
"1954年8月","00000","全国","2.6",""
"1954年9月","00000","全国","2.5",""
"1954年10月","00000","全国","2.6",""
"1954年11月","00000","全国","2.6",""
"1954年12月","00000","全国","2.7",""
"1955年1月","00000","全国","2.6",""
"1955年2月","00000","全国","2.5",""
"1955年3月","00000","全国","2.3",""
"1955年4月","00000","全国","2.5",""
"1955年5月","00000","全国","2.4",""
"1955年6月","00000","全国","2.6",""
"1955年7月","00000","全国","2.6",""
"1955年8月","00000","全国","2.6",""
"1955年9月","00000","全国","2.6",""
"1955年10月","00000","全国","2.7",""
"1955年11月","00000","全国","2.4",""
"1955年12月","00000","全国","2.4",""
"1956年1月","00000","全国","2.5",""
"1956年2月","00000","全国","2.6",""
"1956年3月","00000","全国","2.7",""
"1956年4月","00000","全国","2.4",""
"1956年5月","00000","全国","2.3",""
"1956年6月","00000","全国","2.2",""
"1956年7月","00000","全国","2.1",""
"1956年8月","00000","全国","2.1",""
"1956年9月","00000","全国","2.2",""
"1956年10月","00000","全国","2.0",""
"1956年11月","00000","全国","2.2",""
"1956年12月","00000","全国","2.3",""
"1957年1月","00000","全国","2.1",""
"1957年2月","00000","全国","2.0",""
"1957年3月","00000","全国","2.0",""
"1957年4月","00000","全国","2.0",""
"1957年5月","00000","全国","1.9",""
"1957年6月","00000","全国","1.8",""
"1957年7月","00000","全国","1.8",""
"1957年8月","00000","全国","1.8",""
"1957年9月","00000","全国","2.0",""
"1957年10月","00000","全国","2.0",""
"1957年11月","00000","全国","1.9",""
"1957年12月","00000","全国","1.8",""
"1958年1月","00000","全国","1.9",""
"1958年2月","00000","全国","1.9",""
"1958年3月","00000","全国","2.0",""
"1958年4月","00000","全国","2.0",""
"1958年5月","00000","全国","2.0",""
"1958年6月","00000","全国","2.2",""
"1958年7月","00000","全国","2.1",""
"1958年8月","00000","全国","2.2",""
"1958年9月","00000","全国","2.2",""
"1958年10月","00000","全国","2.1",""
"1958年11月","00000","全国","2.1",""
"1958年12月","00000","全国","2.1",""
"1959年1月","00000","全国","2.4",""
"1959年2月","00000","全国","2.5",""
"1959年3月","00000","全国","2.4",""
"1959年4月","00000","全国","2.2",""
"1959年5月","00000","全国","2.2",""
"1959年6月","00000","全国","2.3",""
"1959年7月","00000","全国","2.3",""
"1959年8月","00000","全国","2.3",""
"1959年9月","00000","全国","2.0",""
"1959年10月","00000","全国","1.9",""
"1959年11月","00000","全国","2.0",""
"1959年12月","00000","全国","2.0",""
"1960年1月","00000","全国","1.9",""
"1960年2月","00000","全国","1.7",""
"1960年3月","00000","全国","1.7",""
"1960年4月","00000","全国","1.7",""
"1960年5月","00000","全国","1.7",""
"1960年6月","00000","全国","1.6",""
"1960年7月","00000","全国","1.5",""
"1960年8月","00000","全国","1.6",""
"1960年9月","00000","全国","1.6",""
"1960年10月","00000","全国","1.4",""
"1960年11月","00000","全国","1.5",""
"1960年12月","00000","全国","1.5",""
"1961年1月","00000","全国","1.5",""
"1961年2月","00000","全国","1.5",""
"1961年3月","00000","全国","1.3",""
"1961年4月","00000","全国","1.4",""
"1961年5月","00000","全国","1.5",""
"1961年6月","00000","全国","1.5",""
"1961年7月","00000","全国","1.5",""
"1961年8月","00000","全国","1.4",""
"1961年9月","00000","全国","1.4",""
"1961年10月","00000","全国","1.4",""
"1961年11月","00000","全国","1.5",""
"1961年12月","00000","全国","1.4",""
"1962年1月","00000","全国","1.3",""
"1962年2月","00000","全国","1.3",""
"1962年3月","00000","全国","1.3",""
"1962年4月","00000","全国","1.4",""
"1962年5月","00000","全国","1.2",""
"1962年6月","00000","全国","1.3",""
"1962年7月","00000","全国","1.3",""
"1962年8月","00000","全国","1.2",""
"1962年9月","00000","全国","1.2",""
"1962年10月","00000","全国","1.4",""
"1962年11月","00000","全国","1.3",""
"1962年12月","00000","全国","1.3",""
"1963年1月","00000","全国","1.4",""
"1963年2月","00000","全国","1.4",""
"1963年3月","00000","全国","1.4",""
"1963年4月","00000","全国","1.2",""
"1963年5月","00000","全国","1.3",""
"1963年6月","00000","全国","1.1",""
"1963年7月","00000","全国","1.1",""
"1963年8月","00000","全国","1.2",""
"1963年9月","00000","全国","1.3",""
"1963年10月","00000","全国","1.2",""
"1963年11月","00000","全国","1.2",""
"1963年12月","00000","全国","1.3",""
"1964年1月","00000","全国","1.2",""
"1964年2月","00000","全国","1.3",""
"1964年3月","00000","全国","1.2",""
"1964年4月","00000","全国","1.2",""
"1964年5月","00000","全国","1.1",""
"1964年6月","00000","全国","1.2",""
"1964年7月","00000","全国","1.2",""
"1964年8月","00000","全国","1.2",""
"1964年9月","00000","全国","1.1",""
"1964年10月","00000","全国","1.1",""
"1964年11月","00000","全国","1.1",""
"1964年12月","00000","全国","1.1",""
"1965年1月","00000","全国","1.1",""
"1965年2月","00000","全国","1.2",""
"1965年3月","00000","全国","1.1",""
"1965年4月","00000","全国","1.2",""
"1965年5月","00000","全国","1.2",""
"1965年6月","00000","全国","1.3",""
"1965年7月","00000","全国","1.3",""
"1965年8月","00000","全国","1.2",""
"1965年9月","00000","全国","1.3",""
"1965年10月","00000","全国","1.3",""
"1965年11月","00000","全国","1.3",""
"1965年12月","00000","全国","1.3",""
"1966年1月","00000","全国","1.4",""
"1966年2月","00000","全国","1.3",""
"1966年3月","00000","全国","1.4",""
"1966年4月","00000","全国","1.3",""
"1966年5月","00000","全国","1.4",""
"1966年6月","00000","全国","1.3",""
"1966年7月","00000","全国","1.2",""
"1966年8月","00000","全国","1.3",""
"1966年9月","00000","全国","1.4",""
"1966年10月","00000","全国","1.3",""
"1966年11月","00000","全国","1.3",""
"1966年12月","00000","全国","1.2",""
"1967年1月","00000","全国","1.2",""
"1967年2月","00000","全国","1.1",""
"1967年3月","00000","全国","1.6",""
"1967年4月","00000","全国","1.3",""
"1967年5月","00000","全国","1.2",""
"1967年6月","00000","全国","1.3",""
"1967年7月","00000","全国","1.2",""
"1967年8月","00000","全国","1.2",""
"1967年9月","00000","全国","1.1",""
"1967年10月","00000","全国","1.2",""
"1967年11月","00000","全国","1.3",""
"1967年12月","00000","全国","1.3",""
"1968年1月","00000","全国","1.3",""
"1968年2月","00000","全国","1.3",""
"1968年3月","00000","全国","1.2",""
"1968年4月","00000","全国","1.2",""
"1968年5月","00000","全国","1.2",""
"1968年6月","00000","全国","1.1",""
"1968年7月","00000","全国","1.3",""
"1968年8月","00000","全国","1.2",""
"1968年9月","00000","全国","1.1",""
"1968年10月","00000","全国","1.1",""
"1968年11月","00000","全国","1.0",""
"1968年12月","00000","全国","1.1",""
"1969年1月","00000","全国","1.1",""
"1969年2月","00000","全国","1.2",""
"1969年3月","00000","全国","1.1",""
"1969年4月","00000","全国","1.1",""
"1969年5月","00000","全国","1.2",""
"1969年6月","00000","全国","1.3",""
"1969年7月","00000","全国","1.2",""
"1969年8月","00000","全国","1.1",""
"1969年9月","00000","全国","1.1",""
"1969年10月","00000","全国","1.1",""
"1969年11月","00000","全国","1.0",""
"1969年12月","00000","全国","1.1",""
"1970年1月","00000","全国","1.1",""
"1970年2月","00000","全国","1.1",""
"1970年3月","00000","全国","1.0",""
"1970年4月","00000","全国","1.2",""
"1970年5月","00000","全国","1.1",""
"1970年6月","00000","全国","1.1",""
"1970年7月","00000","全国","1.2",""
"1970年8月","00000","全国","1.2",""
"1970年9月","00000","全国","1.3",""
"1970年10月","00000","全国","1.3",""
"1970年11月","00000","全国","1.3",""
"1970年12月","00000","全国","1.2",""
"1971年1月","00000","全国","1.1",""
"1971年2月","00000","全国","1.2",""
"1971年3月","00000","全国","1.2",""
"1971年4月","00000","全国","1.2",""
"1971年5月","00000","全国","1.2",""
"1971年6月","00000","全国","1.2",""
"1971年7月","00000","全国","1.2",""
"1971年8月","00000","全国","1.3",""
"1971年9月","00000","全国","1.2",""
"1971年10月","00000","全国","1.3",""
"1971年11月","00000","全国","1.3",""
"1971年12月","00000","全国","1.4",""
"1972年1月","00000","全国","1.4",""
"1972年2月","00000","全国","1.4",""
"1972年3月","00000","全国","1.4",""
"1972年4月","00000","全国","1.4",""
"1972年5月","00000","全国","1.4",""
"1972年6月","00000","全国","1.4",""
"1972年7月","00000","全国","1.4",""
"1972年8月","00000","全国","1.4",""
"1972年9月","00000","全国","1.5",""
"1972年10月","00000","全国","1.4",""
"1972年11月","00000","全国","1.4",""
"1972年12月","00000","全国","1.4",""
"1973年1月","00000","全国","1.3",""
"1973年2月","00000","全国","1.2",""
"1973年3月","00000","全国","1.2",""
"1973年4月","00000","全国","1.3",""
"1973年5月","00000","全国","1.4",""
"1973年6月","00000","全国","1.4",""
"1973年7月","00000","全国","1.3",""
"1973年8月","00000","全国","1.2",""
"1973年9月","00000","全国","1.3",""
"1973年10月","00000","全国","1.1",""
"1973年11月","00000","全国","1.2",""
"1973年12月","00000","全国","1.1",""
"1974年1月","00000","全国","1.2",""
"1974年2月","00000","全国","1.3",""
"1974年3月","00000","全国","1.4",""
"1974年4月","00000","全国","1.3",""
"1974年5月","00000","全国","1.3",""
"1974年6月","00000","全国","1.3",""
"1974年7月","00000","全国","1.3",""
"1974年8月","00000","全国","1.5",""
"1974年9月","00000","全国","1.4",""
"1974年10月","00000","全国","1.6",""
"1974年11月","00000","全国","1.5",""
"1974年12月","00000","全国","1.7",""
"1975年1月","00000","全国","1.7",""
"1975年2月","00000","全国","1.8",""
"1975年3月","00000","全国","1.8",""
"1975年4月","00000","全国","1.8",""
"1975年5月","00000","全国","1.8",""
"1975年6月","00000","全国","1.8",""
"1975年7月","00000","全国","1.8",""
"1975年8月","00000","全国","1.9",""
"1975年9月","00000","全国","2.0",""
"1975年10月","00000","全国","2.1",""
"1975年11月","00000","全国","2.1",""
"1975年12月","00000","全国","2.1",""
"1976年1月","00000","全国","2.1",""
"1976年2月","00000","全国","2.0",""
"1976年3月","00000","全国","2.0",""
"1976年4月","00000","全国","2.1",""
"1976年5月","00000","全国","2.1",""
"1976年6月","00000","全国","2.0",""
"1976年7月","00000","全国","2.0",""
"1976年8月","00000","全国","2.0",""
"1976年9月","00000","全国","2.0",""
"1976年10月","00000","全国","2.0",""
"1976年11月","00000","全国","2.0",""
"1976年12月","00000","全国","1.8",""
"1977年1月","00000","全国","1.9",""
"1977年2月","00000","全国","2.0",""
"1977年3月","00000","全国","2.0",""
"1977年4月","00000","全国","1.9",""
"1977年5月","00000","全国","2.1",""
"1977年6月","00000","全国","2.1",""
"1977年7月","00000","全国","2.1",""
"1977年8月","00000","全国","2.0",""
"1977年9月","00000","全国","2.0",""
"1977年10月","00000","全国","1.9",""
"1977年11月","00000","全国","2.0",""
"1977年12月","00000","全国","2.1",""
"1978年1月","00000","全国","2.1",""
"1978年2月","00000","全国","2.2",""
"1978年3月","00000","全国","2.2",""
"1978年4月","00000","全国","2.2",""
"1978年5月","00000","全国","2.3",""
"1978年6月","00000","全国","2.3",""
"1978年7月","00000","全国","2.2",""
"1978年8月","00000","全国","2.3",""
"1978年9月","00000","全国","2.4",""
"1978年10月","00000","全国","2.2",""
"1978年11月","00000","全国","2.2",""
"1978年12月","00000","全国","2.2",""
"1979年1月","00000","全国","2.2",""
"1979年2月","00000","全国","2.0",""
"1979年3月","00000","全国","2.1",""
"1979年4月","00000","全国","2.1",""
"1979年5月","00000","全国","2.0",""
"1979年6月","00000","全国","2.0",""
"1979年7月","00000","全国","2.2",""
"1979年8月","00000","全国","2.2",""
"1979年9月","00000","全国","2.0",""
"1979年10月","00000","全国","2.1",""
"1979年11月","00000","全国","2.1",""
"1979年12月","00000","全国","2.0",""
"1980年1月","00000","全国","1.9",""
"1980年2月","00000","全国","1.9",""
"1980年3月","00000","全国","1.9",""
"1980年4月","00000","全国","2.0",""
"1980年5月","00000","全国","2.0",""
"1980年6月","00000","全国","1.9",""
"1980年7月","00000","全国","2.0",""
"1980年8月","00000","全国","2.1",""
"1980年9月","00000","全国","2.0",""
"1980年10月","00000","全国","2.1",""
"1980年11月","00000","全国","2.2",""
"1980年12月","00000","全国","2.2",""
"1981年1月","00000","全国","2.1",""
"1981年2月","00000","全国","2.3",""
"1981年3月","00000","全国","2.2",""
"1981年4月","00000","全国","2.2",""
"1981年5月","00000","全国","2.3",""
"1981年6月","00000","全国","2.3",""
"1981年7月","00000","全国","2.2",""
"1981年8月","00000","全国","2.1",""
"1981年9月","00000","全国","2.2",""
"1981年10月","00000","全国","2.2",""
"1981年11月","00000","全国","2.2",""
"1981年12月","00000","全国","2.2",""
"1982年1月","00000","全国","2.2",""
"1982年2月","00000","全国","2.2",""
"1982年3月","00000","全国","2.3",""
"1982年4月","00000","全国","2.3",""
"1982年5月","00000","全国","2.3",""
"1982年6月","00000","全国","2.4",""
"1982年7月","00000","全国","2.4",""
"1982年8月","00000","全国","2.3",""
"1982年9月","00000","全国","2.4",""
"1982年10月","00000","全国","2.5",""
"1982年11月","00000","全国","2.4",""
"1982年12月","00000","全国","2.5",""
"1983年1月","00000","全国","2.7",""
"1983年2月","00000","全国","2.7",""
"1983年3月","00000","全国","2.6",""
"1983年4月","00000","全国","2.7",""
"1983年5月","00000","全国","2.7",""
"1983年6月","00000","全国","2.6",""
"1983年7月","00000","全国","2.6",""
"1983年8月","00000","全国","2.8",""
"1983年9月","00000","全国","2.7",""
"1983年10月","00000","全国","2.6",""
"1983年11月","00000","全国","2.6",""
"1983年12月","00000","全国","2.6",""
"1984年1月","00000","全国","2.7",""
"1984年2月","00000","全国","2.7",""
"1984年3月","00000","全国","2.7",""
"1984年4月","00000","全国","2.7",""
"1984年5月","00000","全国","2.7",""
"1984年6月","00000","全国","2.8",""
"1984年7月","00000","全国","2.8",""
"1984年8月","00000","全国","2.7",""
"1984年9月","00000","全国","2.7",""
"1984年10月","00000","全国","2.7",""
"1984年11月","00000","全国","2.7",""
"1984年12月","00000","全国","2.6",""
"1985年1月","00000","全国","2.5",""
"1985年2月","00000","全国","2.6",""
"1985年3月","00000","全国","2.6",""
"1985年4月","00000","全国","2.5",""
"1985年5月","00000","全国","2.6",""
"1985年6月","00000","全国","2.6",""
"1985年7月","00000","全国","2.6",""
"1985年8月","00000","全国","2.5",""
"1985年9月","00000","全国","2.7",""
"1985年10月","00000","全国","2.7",""
"1985年11月","00000","全国","2.8",""
"1985年12月","00000","全国","2.8",""
"1986年1月","00000","全国","2.7",""
"1986年2月","00000","全国","2.6",""
"1986年3月","00000","全国","2.7",""
"1986年4月","00000","全国","2.8",""
"1986年5月","00000","全国","2.7",""
"1986年6月","00000","全国","2.8",""
"1986年7月","00000","全国","2.9",""
"1986年8月","00000","全国","2.8",""
"1986年9月","00000","全国","2.8",""
"1986年10月","00000","全国","2.7",""
"1986年11月","00000","全国","2.8",""
"1986年12月","00000","全国","2.9",""
"1987年1月","00000","全国","3.0",""
"1987年2月","00000","全国","2.9",""
"1987年3月","00000","全国","2.9",""
"1987年4月","00000","全国","2.9",""
"1987年5月","00000","全国","3.1",""
"1987年6月","00000","全国","3.0",""
"1987年7月","00000","全国","2.8",""
"1987年8月","00000","全国","2.8",""
"1987年9月","00000","全国","2.7",""
"1987年10月","00000","全国","2.7",""
"1987年11月","00000","全国","2.7",""
"1987年12月","00000","全国","2.7",""
"1988年1月","00000","全国","2.7",""
"1988年2月","00000","全国","2.7",""
"1988年3月","00000","全国","2.6",""
"1988年4月","00000","全国","2.5",""
"1988年5月","00000","全国","2.5",""
"1988年6月","00000","全国","2.4",""
"1988年7月","00000","全国","2.5",""
"1988年8月","00000","全国","2.6",""
"1988年9月","00000","全国","2.5",""
"1988年10月","00000","全国","2.4",""
"1988年11月","00000","全国","2.4",""
"1988年12月","00000","全国","2.4",""
"1989年1月","00000","全国","2.3",""
"1989年2月","00000","全国","2.3",""
"1989年3月","00000","全国","2.4",""
"1989年4月","00000","全国","2.4",""
"1989年5月","00000","全国","2.3",""
"1989年6月","00000","全国","2.2",""
"1989年7月","00000","全国","2.2",""
"1989年8月","00000","全国","2.2",""
"1989年9月","00000","全国","2.2",""
"1989年10月","00000","全国","2.2",""
"1989年11月","00000","全国","2.2",""
"1989年12月","00000","全国","2.1",""
"1990年1月","00000","全国","2.2",""
"1990年2月","00000","全国","2.2",""
"1990年3月","00000","全国","2.0",""
"1990年4月","00000","全国","2.1",""
"1990年5月","00000","全国","2.1",""
"1990年6月","00000","全国","2.2",""
"1990年7月","00000","全国","2.1",""
"1990年8月","00000","全国","2.0",""
"1990年9月","00000","全国","2.1",""
"1990年10月","00000","全国","2.2",""
"1990年11月","00000","全国","2.0",""
"1990年12月","00000","全国","2.0",""
"1991年1月","00000","全国","2.0",""
"1991年2月","00000","全国","2.1",""
"1991年3月","00000","全国","2.2",""
"1991年4月","00000","全国","2.1",""
"1991年5月","00000","全国","2.1",""
"1991年6月","00000","全国","2.1",""
"1991年7月","00000","全国","2.1",""
"1991年8月","00000","全国","2.1",""
"1991年9月","00000","全国","2.1",""
"1991年10月","00000","全国","2.0",""
"1991年11月","00000","全国","2.1",""
"1991年12月","00000","全国","2.1",""
"1992年1月","00000","全国","2.1",""
"1992年2月","00000","全国","2.0",""
"1992年3月","00000","全国","2.1",""
"1992年4月","00000","全国","2.1",""
"1992年5月","00000","全国","2.1",""
"1992年6月","00000","全国","2.1",""
"1992年7月","00000","全国","2.1",""
"1992年8月","00000","全国","2.2",""
"1992年9月","00000","全国","2.2",""
"1992年10月","00000","全国","2.2",""
"1992年11月","00000","全国","2.3",""
"1992年12月","00000","全国","2.3",""
"1993年1月","00000","全国","2.3",""
"1993年2月","00000","全国","2.3",""
"1993年3月","00000","全国","2.3",""
"1993年4月","00000","全国","2.3",""
"1993年5月","00000","全国","2.5",""
"1993年6月","00000","全国","2.5",""
"1993年7月","00000","全国","2.5",""
"1993年8月","00000","全国","2.5",""
"1993年9月","00000","全国","2.6",""
"1993年10月","00000","全国","2.7",""
"1993年11月","00000","全国","2.7",""
"1993年12月","00000","全国","2.8",""
"1994年1月","00000","全国","2.8",""
"1994年2月","00000","全国","2.9",""
"1994年3月","00000","全国","2.9",""
"1994年4月","00000","全国","2.8",""
"1994年5月","00000","全国","2.8",""
"1994年6月","00000","全国","2.8",""
"1994年7月","00000","全国","2.9",""
"1994年8月","00000","全国","3.0",""
"1994年9月","00000","全国","3.0",""
"1994年10月","00000","全国","3.0",""
"1994年11月","00000","全国","2.9",""
"1994年12月","00000","全国","2.9",""
"1995年1月","00000","全国","3.0",""
"1995年2月","00000","全国","3.0",""
"1995年3月","00000","全国","3.1",""
"1995年4月","00000","全国","3.1",""
"1995年5月","00000","全国","3.0",""
"1995年6月","00000","全国","3.1",""
"1995年7月","00000","全国","3.1",""
"1995年8月","00000","全国","3.2",""
"1995年9月","00000","全国","3.2",""
"1995年10月","00000","全国","3.2",""
"1995年11月","00000","全国","3.4",""
"1995年12月","00000","全国","3.4",""
"1996年1月","00000","全国","3.5",""
"1996年2月","00000","全国","3.4",""
"1996年3月","00000","全国","3.2",""
"1996年4月","00000","全国","3.4",""
"1996年5月","00000","全国","3.4",""
"1996年6月","00000","全国","3.4",""
"1996年7月","00000","全国","3.4",""
"1996年8月","00000","全国","3.3",""
"1996年9月","00000","全国","3.3",""
"1996年10月","00000","全国","3.4",""
"1996年11月","00000","全国","3.3",""
"1996年12月","00000","全国","3.4",""
"1997年1月","00000","全国","3.3",""
"1997年2月","00000","全国","3.4",""
"1997年3月","00000","全国","3.3",""
"1997年4月","00000","全国","3.2",""
"1997年5月","00000","全国","3.4",""
"1997年6月","00000","全国","3.4",""
"1997年7月","00000","全国","3.4",""
"1997年8月","00000","全国","3.4",""
"1997年9月","00000","全国","3.5",""
"1997年10月","00000","全国","3.5",""
"1997年11月","00000","全国","3.5",""
"1997年12月","00000","全国","3.5",""
"1998年1月","00000","全国","3.6",""
"1998年2月","00000","全国","3.6",""
"1998年3月","00000","全国","3.8",""
"1998年4月","00000","全国","4.0",""
"1998年5月","00000","全国","4.1",""
"1998年6月","00000","全国","4.1",""
"1998年7月","00000","全国","4.1",""
"1998年8月","00000","全国","4.4",""
"1998年9月","00000","全国","4.3",""
"1998年10月","00000","全国","4.3",""
"1998年11月","00000","全国","4.5",""
"1998年12月","00000","全国","4.4",""
"1999年1月","00000","全国","4.5",""
"1999年2月","00000","全国","4.6",""
"1999年3月","00000","全国","4.7",""
"1999年4月","00000","全国","4.7",""
"1999年5月","00000","全国","4.7",""
"1999年6月","00000","全国","4.8",""
"1999年7月","00000","全国","4.8",""
"1999年8月","00000","全国","4.7",""
"1999年9月","00000","全国","4.6",""
"1999年10月","00000","全国","4.6",""
"1999年11月","00000","全国","4.6",""
"1999年12月","00000","全国","4.7",""
"2000年1月","00000","全国","4.7",""
"2000年2月","00000","全国","4.9",""
"2000年3月","00000","全国","4.9",""
"2000年4月","00000","全国","4.8",""
"2000年5月","00000","全国","4.6",""
"2000年6月","00000","全国","4.7",""
"2000年7月","00000","全国","4.7",""
"2000年8月","00000","全国","4.6",""
"2000年9月","00000","全国","4.7",""
"2000年10月","00000","全国","4.7",""
"2000年11月","00000","全国","4.7",""
"2000年12月","00000","全国","4.8",""
"2001年1月","00000","全国","4.8",""
"2001年2月","00000","全国","4.7",""
"2001年3月","00000","全国","4.8",""
"2001年4月","00000","全国","4.8",""
"2001年5月","00000","全国","4.9",""
"2001年6月","00000","全国","5.0",""
"2001年7月","00000","全国","5.0",""
"2001年8月","00000","全国","5.1",""
"2001年9月","00000","全国","5.3",""
"2001年10月","00000","全国","5.3",""
"2001年11月","00000","全国","5.4",""
"2001年12月","00000","全国","5.4",""
"2002年1月","00000","全国","5.2",""
"2002年2月","00000","全国","5.3",""
"2002年3月","00000","全国","5.3",""
"2002年4月","00000","全国","5.3",""
"2002年5月","00000","全国","5.4",""
"2002年6月","00000","全国","5.5",""
"2002年7月","00000","全国","5.4",""
"2002年8月","00000","全国","5.5",""
"2002年9月","00000","全国","5.4",""
"2002年10月","00000","全国","5.4",""
"2002年11月","00000","全国","5.2",""
"2002年12月","00000","全国","5.4",""
"2003年1月","00000","全国","5.4",""
"2003年2月","00000","全国","5.2",""
"2003年3月","00000","全国","5.4",""
"2003年4月","00000","全国","5.5",""
"2003年5月","00000","全国","5.4",""
"2003年6月","00000","全国","5.4",""
"2003年7月","00000","全国","5.2",""
"2003年8月","00000","全国","5.1",""
"2003年9月","00000","全国","5.2",""
"2003年10月","00000","全国","5.1",""
"2003年11月","00000","全国","5.1",""
"2003年12月","00000","全国","4.9",""
"2004年1月","00000","全国","4.9",""
"2004年2月","00000","全国","5.0",""
"2004年3月","00000","全国","4.8",""
"2004年4月","00000","全国","4.8",""
"2004年5月","00000","全国","4.7",""
"2004年6月","00000","全国","4.7",""
"2004年7月","00000","全国","4.9",""
"2004年8月","00000","全国","4.8",""
"2004年9月","00000","全国","4.6",""
"2004年10月","00000","全国","4.6",""
"2004年11月","00000","全国","4.5",""
"2004年12月","00000","全国","4.5",""
"2005年1月","00000","全国","4.5",""
"2005年2月","00000","全国","4.6",""
"2005年3月","00000","全国","4.5",""
"2005年4月","00000","全国","4.5",""
"2005年5月","00000","全国","4.5",""
"2005年6月","00000","全国","4.3",""
"2005年7月","00000","全国","4.4",""
"2005年8月","00000","全国","4.3",""
"2005年9月","00000","全国","4.2",""
"2005年10月","00000","全国","4.4",""
"2005年11月","00000","全国","4.5",""
"2005年12月","00000","全国","4.4",""
"2006年1月","00000","全国","4.4",""
"2006年2月","00000","全国","4.1",""
"2006年3月","00000","全国","4.1",""
"2006年4月","00000","全国","4.1",""
"2006年5月","00000","全国","4.1",""
"2006年6月","00000","全国","4.2",""
"2006年7月","00000","全国","4.1",""
"2006年8月","00000","全国","4.1",""
"2006年9月","00000","全国","4.1",""
"2006年10月","00000","全国","4.1",""
"2006年11月","00000","全国","4.0",""
"2006年12月","00000","全国","4.0",""
"2007年1月","00000","全国","4.0",""
"2007年2月","00000","全国","4.0",""
"2007年3月","00000","全国","4.0",""
"2007年4月","00000","全国","3.8",""
"2007年5月","00000","全国","3.8",""
"2007年6月","00000","全国","3.7",""
"2007年7月","00000","全国","3.6",""
"2007年8月","00000","全国","3.7",""
"2007年9月","00000","全国","3.9",""
"2007年10月","00000","全国","4.0",""
"2007年11月","00000","全国","3.8",""
"2007年12月","00000","全国","3.7",""
"2008年1月","00000","全国","3.9",""
"2008年2月","00000","全国","4.0",""
"2008年3月","00000","全国","3.8",""
"2008年4月","00000","全国","3.9",""
"2008年5月","00000","全国","4.0",""
"2008年6月","00000","全国","4.0",""
"2008年7月","00000","全国","3.9",""
"2008年8月","00000","全国","4.1",""
"2008年9月","00000","全国","4.0",""
"2008年10月","00000","全国","3.8",""
"2008年11月","00000","全国","4.0",""
"2008年12月","00000","全国","4.4",""
"2009年1月","00000","全国","4.3",""
"2009年2月","00000","全国","4.6",""
"2009年3月","00000","全国","4.8",""
"2009年4月","00000","全国","5.0",""
"2009年5月","00000","全国","5.1",""
"2009年6月","00000","全国","5.2",""
"2009年7月","00000","全国","5.5",""
"2009年8月","00000","全国","5.4",""
"2009年9月","00000","全国","5.4",""
"2009年10月","00000","全国","5.2",""
"2009年11月","00000","全国","5.2",""
"2009年12月","00000","全国","5.2",""
"2010年1月","00000","全国","5.0",""
"2010年2月","00000","全国","5.0",""
"2010年3月","00000","全国","5.1",""
"2010年4月","00000","全国","5.1",""
"2010年5月","00000","全国","5.1",""
"2010年6月","00000","全国","5.2",""
"2010年7月","00000","全国","5.0",""
"2010年8月","00000","全国","5.1",""
"2010年9月","00000","全国","5.1",""
"2010年10月","00000","全国","5.1",""
"2010年11月","00000","全国","5.0",""
"2010年12月","00000","全国","4.9",""
"2011年1月","00000","全国","4.8",""
"2011年2月","00000","全国","4.7",""
"2011年3月","00000","全国","4.7","東日本大震災の影響により全国集計結果が存在しないため，補完推計値を用いた。"
"2011年4月","00000","全国","4.7","東日本大震災の影響により全国集計結果が存在しないため，補完推計値を用いた。"
"2011年5月","00000","全国","4.6","東日本大震災の影響により全国集計結果が存在しないため，補完推計値を用いた。"
"2011年6月","00000","全国","4.7","東日本大震災の影響により全国集計結果が存在しないため，補完推計値を用いた。"
"2011年7月","00000","全国","4.7","東日本大震災の影響により全国集計結果が存在しないため，補完推計値を用いた。"
"2011年8月","00000","全国","4.5","東日本大震災の影響により全国集計結果が存在しないため，補完推計値を用いた。"
"2011年9月","00000","全国","4.2",""
"2011年10月","00000","全国","4.4",""
"2011年11月","00000","全国","4.5",""
"2011年12月","00000","全国","4.5",""
"2012年1月","00000","全国","4.5",""
"2012年2月","00000","全国","4.5",""
"2012年3月","00000","全国","4.5",""
"2012年4月","00000","全国","4.5",""
"2012年5月","00000","全国","4.4",""
"2012年6月","00000","全国","4.3",""
"2012年7月","00000","全国","4.3",""
"2012年8月","00000","全国","4.2",""
"2012年9月","00000","全国","4.2",""
"2012年10月","00000","全国","4.1",""
"2012年11月","00000","全国","4.1",""
"2012年12月","00000","全国","4.3",""
"2013年1月","00000","全国","4.2",""
"2013年2月","00000","全国","4.3",""
"2013年3月","00000","全国","4.1",""
"2013年4月","00000","全国","4.1",""
"2013年5月","00000","全国","4.1",""
"2013年6月","00000","全国","3.9",""
"2013年7月","00000","全国","3.8",""
"2013年8月","00000","全国","4.1",""
"2013年9月","00000","全国","3.9",""
"2013年10月","00000","全国","4.0",""
"2013年11月","00000","全国","3.9",""
"2013年12月","00000","全国","3.7",""
"2014年1月","00000","全国","3.7",""
"2014年2月","00000","全国","3.6",""
"2014年3月","00000","全国","3.7",""
"2014年4月","00000","全国","3.6",""
"2014年5月","00000","全国","3.6",""
"2014年6月","00000","全国","3.7",""
"2014年7月","00000","全国","3.7",""
"2014年8月","00000","全国","3.5",""
"2014年9月","00000","全国","3.5",""
"2014年10月","00000","全国","3.6",""
"2014年11月","00000","全国","3.4",""
"2014年12月","00000","全国","3.4",""
"2015年1月","00000","全国","3.6",""
"2015年2月","00000","全国","3.5",""
"2015年3月","00000","全国","3.4",""
"2015年4月","00000","全国","3.4",""
"2015年5月","00000","全国","3.3",""
"2015年6月","00000","全国","3.4",""
"2015年7月","00000","全国","3.3",""
"2015年8月","00000","全国","3.4",""
"2015年9月","00000","全国","3.4",""
"2015年10月","00000","全国","3.2",""
"2015年11月","00000","全国","3.3",""
"2015年12月","00000","全国","3.3",""
"2016年1月","00000","全国","3.2",""
"2016年2月","00000","全国","3.3",""
"2016年3月","00000","全国","3.2",""
"2016年4月","00000","全国","3.2",""
"2016年5月","00000","全国","3.2",""
"2016年6月","00000","全国","3.1",""
"2016年7月","00000","全国","3.0",""
"2016年8月","00000","全国","3.1",""
"2016年9月","00000","全国","3.0",""
"2016年10月","00000","全国","3.0",""
"2016年11月","00000","全国","3.0",""
"2016年12月","00000","全国","3.0",""
"2017年1月","00000","全国","3.0",""
"2017年2月","00000","全国","2.9",""
"2017年3月","00000","全国","2.8",""
"2017年4月","00000","全国","2.8",""
"2017年5月","00000","全国","3.1",""
"2017年6月","00000","全国","2.8",""
"2017年7月","00000","全国","2.8",""
"2017年8月","00000","全国","2.8",""
"2017年9月","00000","全国","2.8",""
"2017年10月","00000","全国","2.7",""
"2017年11月","00000","全国","2.7",""
"2017年12月","00000","全国","2.7",""
"2018年1月","00000","全国","2.4",""
"2018年2月","00000","全国","2.5",""
"2018年3月","00000","全国","2.5",""
"2018年4月","00000","全国","2.5",""
"2018年5月","00000","全国","2.3",""
"2018年6月","00000","全国","2.5",""
"2018年7月","00000","全国","2.5",""
"2018年8月","00000","全国","2.5",""
"2018年9月","00000","全国","2.3",""
"2018年10月","00000","全国","2.4",""
"2018年11月","00000","全国","2.5",""
"2018年12月","00000","全国","2.4",""
"2019年1月","00000","全国","2.5",""
"2019年2月","00000","全国","2.4",""
"2019年3月","00000","全国","2.5",""
"2019年4月","00000","全国","2.4",""
"2019年5月","00000","全国","2.4",""
"2019年6月","00000","全国","2.3",""
"2019年7月","00000","全国","2.3",""
"2019年8月","00000","全国","2.3",""
"2019年9月","00000","全国","2.4",""
"2019年10月","00000","全国","2.4",""
"2019年11月","00000","全国","2.2",""
"2019年12月","00000","全国","2.2",""
"2020年1月","00000","全国","2.4",""
"2020年2月","00000","全国","2.4",""
"2020年3月","00000","全国","2.5",""
"2020年4月","00000","全国","2.6",""
"2020年5月","00000","全国","2.9",""
"2020年6月","00000","全国","2.8",""
"2020年7月","00000","全国","2.9",""
"2020年8月","00000","全国","3.0",""
"2020年9月","00000","全国","3.0",""
"2020年10月","00000","全国","3.1",""
